{"cameraMode":{"drawMode":0,"name":"Shaded","section":"Shading Mode"},"sceneLighting":true,"audioPlay":false,"sceneViewState":{"m_AlwaysRefresh":false,"showFog":true,"showSkybox":true,"showFlares":true,"showImageEffects":true,"showParticleSystems":true,"showVisualEffectGraphs":true,"m_FxEnabled":true},"in2DMode":false,"pivot":{"x":7.967962741851807,"y":5.435572624206543,"z":22.30556869506836},"rotation":{"x":0.08088662475347519,"y":0.024666182696819307,"z":-0.002002510940656066,"w":0.9964181780815125},"size":30.514724731445314,"orthographic":false}